model_id,metric,n,mean,std,ci95_low,ci95_high,seed_2022,seed_2023,seed_2024,seed_2025,seed_2026
M0,overall_accuracy,5,0.6181954545454545,0.0009668578228399368,0.6169949419954526,0.6193959670954565,0.6180454545454546,0.6182272727272727,0.6169772727272728,0.6180454545454546,0.6196818181818182
M0,macro_f1,5,0.639500947709075,0.0009648065259552547,0.6383029821805642,0.6406989132375857,0.6389667988226908,0.6394932250225094,0.6411480900767775,0.6387094168188124,0.6391872078045847
M0,balanced_accuracy,5,0.6181954545454545,0.0009668578228399377,0.6169949419954526,0.6193959670954565,0.6180454545454546,0.6182272727272728,0.6169772727272728,0.6180454545454546,0.6196818181818182
M0,nll,5,1.061133601533816,0.008756076389187876,1.0502614967158395,1.0720057063517925,1.071686199941142,1.0684123176209273,1.0541621846944869,1.059873131847756,1.0515341735647679
M0,ece,5,0.020890535473346645,0.004966116049069156,0.014724287964315557,0.027056782982377733,0.02297966129682855,0.02816987108835581,0.019291350018436904,0.019074452771521373,0.0149373421915906
M1,overall_accuracy,5,0.6647409090909091,0.0009961962782471163,0.6635039680370651,0.6659778501447531,0.6652272727272728,0.6634318181818182,0.6659090909090909,0.6640227272727273,0.6651136363636364
M1,macro_f1,5,0.6633629780940774,0.002474375595665894,0.6602906349989051,0.6664353211892498,0.6632465368382502,0.6611774194947464,0.6667673340001682,0.6647486376753418,0.6608749624618808
M1,balanced_accuracy,5,0.6647409090909091,0.0009961962782471852,0.663503968037065,0.6659778501447532,0.6652272727272728,0.6634318181818181,0.665909090909091,0.6640227272727273,0.6651136363636364
M1,nll,5,0.8704179526520364,0.01139166077009659,0.8562733375940572,0.8845625677100155,0.8649136128273164,0.8633031645723274,0.8906323515118787,0.8660304941624054,0.8672101401862533
M1,ece,5,0.013771873501482757,0.00801591347203872,0.0038188023305357442,0.02372494467242977,0.012599471432431104,0.010717960856862182,0.02782745140405591,0.009332683027841826,0.008381800786222757
M2,overall_accuracy,5,0.6682272727272728,0.0014456403539808158,0.6664322731453842,0.6700222723091613,0.66975,0.6684772727272728,0.6661136363636364,0.66925,0.6675454545454546
M2,macro_f1,5,0.6670432437207441,0.0037376927001701813,0.6624022852585938,0.6716842021828944,0.6684387858481536,0.6675304402489824,0.6605217267624645,0.6698138385288885,0.6689114272152311
M2,balanced_accuracy,5,0.6682272727272728,0.0014456403539808498,0.6664322731453842,0.6700222723091613,0.6697500000000001,0.6684772727272729,0.6661136363636364,0.66925,0.6675454545454546
M2,nll,5,0.8636886083151083,0.0069786772275139625,0.8550234360466198,0.8723537805835968,0.8709609182201834,0.8648309627477864,0.8696333814236962,0.8575527356480439,0.8554650435358317
M2,ece,5,0.02319004469753345,0.006408808822545505,0.01523245751120804,0.031147631883858863,0.02719654563268466,0.024717369007330674,0.03067568685909267,0.018280068547725306,0.015080553440833956
M3,overall_accuracy,5,0.6679636363636363,0.002279229335463256,0.6651335993541417,0.6707936733731309,0.6659545454545455,0.6695,0.6652954545454546,0.6684545454545454,0.6706136363636364
M3,macro_f1,5,0.668767853567594,0.0031935805140041167,0.6648024996179901,0.672733207517198,0.6633064059365491,0.6711493514494049,0.6686099667743733,0.6702639658277907,0.670509577849852
M3,balanced_accuracy,5,0.6679636363636363,0.002279229335463256,0.6651335993541417,0.6707936733731309,0.6659545454545455,0.6695,0.6652954545454546,0.6684545454545454,0.6706136363636364
M3,nll,5,0.8577929665378811,0.006548242623789366,0.8496622494204185,0.8659236836553437,0.8618356017153981,0.856013073433135,0.8618615607757824,0.8470308966559007,0.8622237001091889
M3,ece,5,0.019449342884233542,0.005522666803066033,0.012592046340791372,0.026306639427675714,0.025074805304847948,0.020038329140888166,0.016152877264381606,0.011871419092869807,0.02410928361818018
M4,overall_accuracy,5,0.6529818181818181,0.0018885802967282504,0.6506368360196536,0.6553268003439826,0.65225,0.6533181818181818,0.6553409090909091,0.65025,0.65375
M4,macro_f1,5,0.6540771010510902,0.0033060553127898244,0.6499720911931288,0.6581821109090515,0.6484641182701242,0.6562798094175878,0.6565926975215581,0.6550874929352011,0.6539613871109796
M4,balanced_accuracy,5,0.6529818181818181,0.0018885802967282394,0.6506368360196537,0.6553268003439825,0.65225,0.6533181818181818,0.6553409090909091,0.65025,0.6537499999999999
M4,nll,5,0.9246802957960293,0.00461042058213931,0.9189557025426093,0.9304048890494493,0.9313548936041397,0.9253294992512467,0.9239048250927123,0.9244070070027577,0.9184052540292897
M4,ece,5,0.016757192677302808,0.0030790324291370364,0.012934068960741467,0.02058031639386415,0.01612938689849692,0.020404392951843854,0.01568632097256205,0.01903719126824407,0.012528671295367132
M5,overall_accuracy,5,0.6675136363636364,0.0013264435454774983,0.6658666391675672,0.6691606335597056,0.6685227272727273,0.6680227272727273,0.6673863636363636,0.6683636363636364,0.6652727272727272
M5,macro_f1,5,0.665612206514594,0.003929623300066962,0.6607329347363982,0.6704914782927898,0.6627734687798231,0.6666119666085409,0.6703267416280906,0.6678040660676564,0.6605447894888586
M5,balanced_accuracy,5,0.6675136363636363,0.0013264435454774196,0.6658666391675672,0.6691606335597053,0.6685227272727272,0.6680227272727272,0.6673863636363636,0.6683636363636364,0.6652727272727273
M5,nll,5,0.8713223242175626,0.016026560254437938,0.8514227213345836,0.8912219271005416,0.8832808981443597,0.8555539063588133,0.8884959461431599,0.853426081225733,0.8758547892157464
M5,ece,5,0.02636188142232771,0.009149849159968559,0.015000843131399799,0.03772291971325562,0.03197980025056737,0.01386704391287273,0.03569219871485304,0.019790438011472226,0.030479926221873184
M6,overall_accuracy,5,0.6672727272727272,0.0013778614103441885,0.6655618863649886,0.6689835681804659,0.6680909090909091,0.6651363636363636,0.6672727272727272,0.6670681818181818,0.6687954545454545
M6,macro_f1,5,0.6635400590789191,0.0013839670168606952,0.6618216370593817,0.6652584810984565,0.6632370754634658,0.6659023236441346,0.6622883155227609,0.6633558873041232,0.6629166934601108
M6,balanced_accuracy,5,0.6672727272727272,0.0013778614103442193,0.6655618863649886,0.6689835681804659,0.6680909090909091,0.6651363636363636,0.6672727272727272,0.6670681818181818,0.6687954545454546
M6,nll,5,0.8647900238706644,0.008129011178455305,0.8546965233493805,0.8748835243919483,0.8640520217826657,0.8643453556447555,0.8560182346633421,0.8780464744873497,0.8614880327752086
M6,ece,5,0.024998802838686426,0.008860289024179796,0.013997300943682414,0.03600030473369044,0.027786191993715,0.024241606098120715,0.011213275108081096,0.03570043526413252,0.02605250572938279
M7,overall_accuracy,5,0.6583181818181819,0.0011925864315403686,0.656837390181392,0.6597989734549718,0.6569090909090909,0.6601590909090909,0.6582272727272728,0.6577954545454545,0.6585
M7,macro_f1,5,0.6581247024040209,0.0006114711333436246,0.6573654607118072,0.6588839440962345,0.6573564335904142,0.6588502908691958,0.6578334680111729,0.6586368446512815,0.6579464748980405
M7,balanced_accuracy,5,0.6583181818181818,0.0011925864315403421,0.6568373901813919,0.6597989734549717,0.656909090909091,0.6601590909090909,0.6582272727272727,0.6577954545454545,0.6585000000000001
M7,nll,5,0.9011790165213945,0.024701538709955794,0.8705080052050058,0.9318500278377833,0.8839769494623847,0.8922175253840559,0.9438215858657379,0.9003650412165258,0.8855139806782681
M7,ece,5,0.034586197990936395,0.013631995464848261,0.017659839998557324,0.051512555983315465,0.021672423220338646,0.03344845430759604,0.056969414708171066,0.034867155202826336,0.02597354251574991
