model_id,seed,total_parameters,additional_conditioner_parameters,parameter_increase_percent,latency_basis,latency_mean_ms,latency_median_ms,batch_1_latency_basis,batch_1_latency_mean_ms,batch_1_latency_median_ms,fixed_batch_size,flops_available,flops_value,flops_unavailable_reason,memory_available,memory_value,memory_unavailable_reason
M0,2022,124043,0,0.0,mixed_bins.fixed_batch,1.9304600020404905,1.7433499961043708,mixed_bins.batch_1,0.55523000046378,0.4789500017068349,64,False,,no validated FLOP counter supports the custom lifting modules,False,,portable reliable CPU peak-memory instrumentation is unavailable
M0,2023,124043,0,0.0,mixed_bins.fixed_batch,2.528820000588894,2.564450005593244,mixed_bins.batch_1,0.6110899994382635,0.6160499906400219,64,False,,no validated FLOP counter supports the custom lifting modules,False,,portable reliable CPU peak-memory instrumentation is unavailable
M0,2024,124043,0,0.0,mixed_bins.fixed_batch,3.3026600038283505,3.395550011191517,mixed_bins.batch_1,0.9808799994061701,0.9804000001167879,64,False,,no validated FLOP counter supports the custom lifting modules,False,,portable reliable CPU peak-memory instrumentation is unavailable
M0,2025,124043,0,0.0,mixed_bins.fixed_batch,4.4382899985066615,4.406099993502721,mixed_bins.batch_1,1.3853499985998496,1.3811999961035326,64,False,,no validated FLOP counter supports the custom lifting modules,False,,portable reliable CPU peak-memory instrumentation is unavailable
M0,2026,124043,0,0.0,mixed_bins.fixed_batch,3.4919600060675293,3.475100005744025,mixed_bins.batch_1,1.153409996186383,1.1601500009419397,64,False,,no validated FLOP counter supports the custom lifting modules,False,,portable reliable CPU peak-memory instrumentation is unavailable
M1,2022,124363,320,0.2579750570366728,mixed_bins.fixed_batch,2.280040000914596,2.176299996790476,mixed_bins.batch_1,0.6810399980167858,0.6351999982143752,64,False,,no validated FLOP counter supports the custom lifting modules,False,,portable reliable CPU peak-memory instrumentation is unavailable
M1,2023,124363,320,0.2579750570366728,mixed_bins.fixed_batch,3.9245899984962307,3.9138499996624887,mixed_bins.batch_1,1.2482999984058551,1.25934999960009,64,False,,no validated FLOP counter supports the custom lifting modules,False,,portable reliable CPU peak-memory instrumentation is unavailable
M1,2024,124363,320,0.2579750570366728,mixed_bins.fixed_batch,3.7512299983063713,3.7195999975665472,mixed_bins.batch_1,1.1002200000802986,1.0954999961541034,64,False,,no validated FLOP counter supports the custom lifting modules,False,,portable reliable CPU peak-memory instrumentation is unavailable
M1,2025,124363,320,0.2579750570366728,mixed_bins.fixed_batch,3.9815299984184094,3.9065000019036233,mixed_bins.batch_1,1.875329996983055,1.8829999971785583,64,False,,no validated FLOP counter supports the custom lifting modules,False,,portable reliable CPU peak-memory instrumentation is unavailable
M1,2026,124363,320,0.2579750570366728,mixed_bins.fixed_batch,8.490389998769388,6.374200005666353,mixed_bins.batch_1,1.1728600016795099,1.1441500100772828,64,False,,no validated FLOP counter supports the custom lifting modules,False,,portable reliable CPU peak-memory instrumentation is unavailable
M2,2022,130443,6400,5.159501140733456,mixed_bins.fixed_batch,2.09478000033414,2.0840500001213513,mixed_bins.batch_1,0.6327599985525012,0.5884499987587333,64,False,,no validated FLOP counter supports the custom lifting modules,False,,portable reliable CPU peak-memory instrumentation is unavailable
M2,2023,130443,6400,5.159501140733456,mixed_bins.fixed_batch,3.367399997659959,3.3936500039999373,mixed_bins.batch_1,1.061210002808366,1.059050002368167,64,False,,no validated FLOP counter supports the custom lifting modules,False,,portable reliable CPU peak-memory instrumentation is unavailable
M2,2024,130443,6400,5.159501140733456,mixed_bins.fixed_batch,4.049139999551699,4.030249998322688,mixed_bins.batch_1,1.378419999673497,1.3507499970728531,64,False,,no validated FLOP counter supports the custom lifting modules,False,,portable reliable CPU peak-memory instrumentation is unavailable
M2,2025,130443,6400,5.159501140733456,mixed_bins.fixed_batch,3.949979998287745,3.9173999975901097,mixed_bins.batch_1,1.2543299977551214,1.2565500001073815,64,False,,no validated FLOP counter supports the custom lifting modules,False,,portable reliable CPU peak-memory instrumentation is unavailable
M2,2026,130443,6400,5.159501140733456,mixed_bins.fixed_batch,5.539999998291023,5.540450001717545,mixed_bins.batch_1,1.772580001852475,1.771000010194257,64,False,,no validated FLOP counter supports the custom lifting modules,False,,portable reliable CPU peak-memory instrumentation is unavailable
M3,2022,126763,2720,2.1927879848117184,mixed_bins.fixed_batch,2.5811600004089996,2.5276499945903197,mixed_bins.batch_1,0.6750500033376738,0.6393500007106923,64,False,,no validated FLOP counter supports the custom lifting modules,False,,portable reliable CPU peak-memory instrumentation is unavailable
M3,2023,126763,2720,2.1927879848117184,mixed_bins.fixed_batch,3.5100699969916604,3.52839998959098,mixed_bins.batch_1,1.0232800035737455,1.0149000081582926,64,False,,no validated FLOP counter supports the custom lifting modules,False,,portable reliable CPU peak-memory instrumentation is unavailable
M3,2024,126763,2720,2.1927879848117184,mixed_bins.fixed_batch,4.387060001317877,3.8560000029974617,mixed_bins.batch_1,2.350420001312159,2.2015000067767687,64,False,,no validated FLOP counter supports the custom lifting modules,False,,portable reliable CPU peak-memory instrumentation is unavailable
M3,2025,126763,2720,2.1927879848117184,mixed_bins.fixed_batch,3.6984600010327995,3.679750006995164,mixed_bins.batch_1,1.0991600036504678,1.115900005970616,64,False,,no validated FLOP counter supports the custom lifting modules,False,,portable reliable CPU peak-memory instrumentation is unavailable
M3,2026,126763,2720,2.1927879848117184,mixed_bins.fixed_batch,3.7146099959500134,3.725299990037456,mixed_bins.batch_1,1.2241999997058883,1.224699997692369,64,False,,no validated FLOP counter supports the custom lifting modules,False,,portable reliable CPU peak-memory instrumentation is unavailable
M4,2022,124263,220,0.17735785171271254,mixed_bins.fixed_batch,2.332019997993484,2.3772499916958623,mixed_bins.batch_1,0.6535599997732788,0.5965500022284687,64,False,,no validated FLOP counter supports the custom lifting modules,False,,portable reliable CPU peak-memory instrumentation is unavailable
M4,2023,124263,220,0.17735785171271254,mixed_bins.fixed_batch,3.5372199999983422,3.4990000058314763,mixed_bins.batch_1,1.0238400005619042,1.0100999934365973,64,False,,no validated FLOP counter supports the custom lifting modules,False,,portable reliable CPU peak-memory instrumentation is unavailable
M4,2024,124263,220,0.17735785171271254,mixed_bins.fixed_batch,5.0487099986639805,5.005699989851564,mixed_bins.batch_1,1.3767399985226803,1.3662999990629032,64,False,,no validated FLOP counter supports the custom lifting modules,False,,portable reliable CPU peak-memory instrumentation is unavailable
M4,2025,124263,220,0.17735785171271254,mixed_bins.fixed_batch,3.3051100035663694,3.2870499999262393,mixed_bins.batch_1,1.0640999971656129,1.0652999917510897,64,False,,no validated FLOP counter supports the custom lifting modules,False,,portable reliable CPU peak-memory instrumentation is unavailable
M4,2026,124263,220,0.17735785171271254,mixed_bins.fixed_batch,3.461339997011237,3.455700003542006,mixed_bins.batch_1,1.1123200034489855,1.115499995648861,64,False,,no validated FLOP counter supports the custom lifting modules,False,,portable reliable CPU peak-memory instrumentation is unavailable
M5,2022,124555,512,0.4127600912586764,mixed_bins.fixed_batch,1.9507799981511198,1.8252999943797477,mixed_bins.batch_1,0.6800100003601983,0.6562499984283932,64,False,,no validated FLOP counter supports the custom lifting modules,False,,portable reliable CPU peak-memory instrumentation is unavailable
M5,2023,124555,512,0.4127600912586764,mixed_bins.fixed_batch,3.9343900003586896,3.9266499952645972,mixed_bins.batch_1,1.2844299999414943,1.276650007639546,64,False,,no validated FLOP counter supports the custom lifting modules,False,,portable reliable CPU peak-memory instrumentation is unavailable
M5,2024,124555,512,0.4127600912586764,mixed_bins.fixed_batch,4.028729999845382,4.048949995194562,mixed_bins.batch_1,1.2489700035075657,1.2273500033188611,64,False,,no validated FLOP counter supports the custom lifting modules,False,,portable reliable CPU peak-memory instrumentation is unavailable
M5,2025,124555,512,0.4127600912586764,mixed_bins.fixed_batch,5.198260003817268,5.395750005845912,mixed_bins.batch_1,1.8784699961543083,1.8652500002644956,64,False,,no validated FLOP counter supports the custom lifting modules,False,,portable reliable CPU peak-memory instrumentation is unavailable
M5,2026,124555,512,0.4127600912586764,mixed_bins.fixed_batch,3.841659997124225,3.8504999974975362,mixed_bins.batch_1,1.2977699952898547,1.2995500001125038,64,False,,no validated FLOP counter supports the custom lifting modules,False,,portable reliable CPU peak-memory instrumentation is unavailable
M6,2022,124299,256,0.2063800456293382,mixed_bins.fixed_batch,4.3133999992278405,4.281800000171643,mixed_bins.batch_1,1.218850001168903,1.2032999948132783,64,False,,no validated FLOP counter supports the custom lifting modules,False,,portable reliable CPU peak-memory instrumentation is unavailable
M6,2023,124299,256,0.2063800456293382,mixed_bins.fixed_batch,3.638729998783674,3.664049996586982,mixed_bins.batch_1,1.0379799976362847,1.029849998303689,64,False,,no validated FLOP counter supports the custom lifting modules,False,,portable reliable CPU peak-memory instrumentation is unavailable
M6,2024,124299,256,0.2063800456293382,mixed_bins.fixed_batch,3.685000001860317,3.707600000780076,mixed_bins.batch_1,1.1462900030892342,1.1295000003883615,64,False,,no validated FLOP counter supports the custom lifting modules,False,,portable reliable CPU peak-memory instrumentation is unavailable
M6,2025,124299,256,0.2063800456293382,mixed_bins.fixed_batch,5.582520001917146,5.523299987544306,mixed_bins.batch_1,1.8098500033374876,1.819150013034232,64,False,,no validated FLOP counter supports the custom lifting modules,False,,portable reliable CPU peak-memory instrumentation is unavailable
M6,2026,124299,256,0.2063800456293382,mixed_bins.fixed_batch,3.7648500001523644,3.769349990761839,mixed_bins.batch_1,1.0563099960563704,1.050149992806837,64,False,,no validated FLOP counter supports the custom lifting modules,False,,portable reliable CPU peak-memory instrumentation is unavailable
M7,2022,975452,851409,686.3821416766766,mixed_bins.fixed_batch,3.611519996775314,3.4632999886525795,mixed_bins.batch_1,0.7798599981470034,0.7251999923028052,64,False,,no validated FLOP counter supports the custom lifting modules,False,,portable reliable CPU peak-memory instrumentation is unavailable
M7,2023,975452,851409,686.3821416766766,mixed_bins.fixed_batch,4.5120100025087595,4.526950004219543,mixed_bins.batch_1,1.0632800025632605,1.065450007445179,64,False,,no validated FLOP counter supports the custom lifting modules,False,,portable reliable CPU peak-memory instrumentation is unavailable
M7,2024,975452,851409,686.3821416766766,mixed_bins.fixed_batch,5.161369999404997,5.1088000036543235,mixed_bins.batch_1,1.2462300001061521,1.255199997103773,64,False,,no validated FLOP counter supports the custom lifting modules,False,,portable reliable CPU peak-memory instrumentation is unavailable
M7,2025,975452,851409,686.3821416766766,mixed_bins.fixed_batch,4.810810001799837,4.802449999260716,mixed_bins.batch_1,1.140410001971759,1.149300005636178,64,False,,no validated FLOP counter supports the custom lifting modules,False,,portable reliable CPU peak-memory instrumentation is unavailable
M7,2026,975452,851409,686.3821416766766,mixed_bins.fixed_batch,5.099519997020252,5.074899992905557,mixed_bins.batch_1,1.2223500001709908,1.2163499923190102,64,False,,no validated FLOP counter supports the custom lifting modules,False,,portable reliable CPU peak-memory instrumentation is unavailable
